67,39,9,47,64,50,10,36,22
79,47,78,40,14,41,15,48,22
69,45,12,39,69,39,12,46,22
16,67,112,59,22,96,117,89,22
136,92,138,64,18,93,19,89,137,69,21,70,18,66,22
130,88,17,64,19,94,129,59,20,89,18,70,128,65,22
15,70,118,60,21,99,18,75,121,84,124,88,22,94,117,65,22
138,93,141,64,19,93,18,97,139,69,19,69,20,74,22
142,90,22,97,20,67,23,93,140,61,140,86,139,65,21,72,22
63,45,62,29,11,47,8,34,15,48,55,46,11,29,22
10,44,11,35,61,48,12,48,62,33,61,37,60,44,22
10,42,10,32,59,42,60,34,22
24,89,33,124,189,84,195,117,22
28,93,29,130,218,86,215,132,22
191,126,32,90,25,125,22
51,33,51,28,12,36,11,31,22
49,32,49,28,10,30,22
9,37,51,34,49,30,8,24,49,26,50,22,10,32,10,28,42,29,22
48,24,11,39,9,24,10,29,11,34,47,38,48,33,47,28,22
9,25,11,34,11,30,11,39,48,34,48,39,48,29,8,38,51,38,48,24,22
74,87,46,57,77,69,39,49,75,81,58,49,42,46,61,55,51,57,38,43,70,65,81,89,51,45,90,85,43,35,29
63,74,39,48,33,42,65,59,68,72,64,69,50,42,32,36,44,39,53,48,44,49,60,55,69,77,36,30,40,35,29
59,99,45,84,102,145,56,66,49,81,101,138,67,81,47,76,101,120,64,94,51,65,76,91,62,76,40,70,47,58,92,109,96,115,43,91,29
46,82,92,104,58,72,81,112,71,85,46,62,41,56,50,80,35,72,28,62,87,114,36,54,32,50,33,65,77,95,75,87,48,67,81,103,30,74,29
51,83,91,113,63,73,79,86,38,72,45,57,103,105,50,62,55,80,30,62,37,66,97,113,34,50,40,55,54,67,29
54,81,96,111,67,72,41,71,85,86,48,56,58,78,110,104,53,61,103,111,32,60,40,65,36,49,43,55,113,39,116,50,29
60,70,36,46,56,53,70,67,64,73,48,44,27,34,30,40,40,36,32,34,64,69,32,28,36,33,61,65,41,48,55,57,62,61,28,30,40,41,29
26,28,56,53,51,59,48,55,28,35,21,27,44,40,26,22,44,45,32,28,39,35,33,37,29
86,103,54,69,44,58,69,64,82,79,59,68,55,46,39,48,59,53,47,40,43,52,94,105,101,99,94,100,51,45,87,95,65,58,88,84,29
61,71,36,46,30,39,49,44,57,53,66,69,41,35,62,65,41,47,37,31,67,73,28,34,74,69,34,29,64,61,72,73,29
66,79,40,52,32,44,53,49,63,59,45,52,31,39,72,77,41,34,44,39,73,82,68,73,81,77,35,40,37,33,50,44,70,68,29
64,74,39,48,32,41,61,55,52,46,70,72,43,36,44,49,66,68,40,32,70,76,31,36,78,72,36,30,67,64,29
46,65,28,44,32,33,41,43,32,46,57,62,20,40,51,70,52,64,26,33,24,39,36,44,28,27,43,51,48,60,29
49,68,30,46,35,33,34,47,43,44,61,64,54,72,21,40,46,48,39,45,26,39,55,66,29,27,31,31,28,33,22,35,45,52,51,62,29
46,60,28,40,41,40,32,30,51,60,56,58,26,31,25,35,32,43,20,37,50,65,47,56,36,41,29
39,50,67,77,32,43,67,71,71,74,49,42,68,61,31,37,73,78,44,38,62,57,44,50,69,66,29
52,67,85,100,42,57,63,55,45,52,81,75,88,81,86,92,53,44,93,100,91,97,41,50,57,65,54,60,68,63,29
71,93,112,137,56,76,92,84,119,138,73,58,76,86,109,102,124,135,62,69,57,68,68,59,29
68,53,51,71,64,86,96,124,76,68,105,99,102,125,67,59,97,115,103,120,71,63,51,64,66,80,29
48,64,38,53,51,40,80,75,74,94,58,52,76,89,78,94,54,46,29
40,53,67,61,33,44,50,43,64,78,64,74,43,33,46,38,29
71,85,44,57,34,42,35,48,68,62,41,34,49,42,59,53,45,37,86,81,49,57,78,88,78,82,69,91,73,77,53,48,29
81,103,121,151,84,63,63,84,86,97,130,152,65,75,121,111,61,71,135,151,77,64,103,92,88,74,74,59,139,156,152,145,126,153,135,129,93,81,29
56,72,87,107,44,59,58,45,44,52,61,70,85,78,53,43,52,42,61,52,74,66,108,103,98,112,93,113,95,92,92,86,29
67,86,101,125,52,72,108,126,108,100,66,54,103,114,71,89,98,89,88,79,66,59,85,62,76,66,29
69,84,42,57,72,66,33,48,69,78,54,41,51,46,46,60,42,36,64,59,42,32,46,35,72,89,59,54,84,77,52,51,29
87,115,130,166,134,167,139,167,86,67,64,93,91,109,143,164,141,132,83,63,128,118,132,149,101,81,29
69,89,44,59,36,50,36,43,60,56,67,65,50,44,47,39,49,59,76,92,42,35,29
81,106,53,70,43,59,57,46,71,66,58,68,44,52,60,52,80,79,90,108,52,44,65,58,100,103,29
99,134,65,91,52,75,70,57,105,135,54,66,70,86,99,100,86,83,65,57,109,134,59,68,51,64,29
54,65,33,42,59,64,28,36,56,60,31,33,26,31,38,33,46,41,51,48,59,69,31,26,66,63,38,44,25,36,29
63,76,39,49,33,42,69,74,65,70,53,48,60,56,31,36,36,39,49,42,44,50,44,38,66,61,70,80,77,74,29
77,94,49,62,40,52,40,45,54,61,82,76,65,58,55,46,52,40,75,70,79,87,60,51,95,92,46,36,86,97,29
81,60,47,88,82,42,90,51,77,55,77,46,56,63,62,56,60,51,52,55,55,48,49,53,30
73,153,89,78,98,100,91,68,74,95,105,84,92,93,69,106,62,100,63,84,65,88,30
61,45,62,34,66,40,36,68,58,39,57,35,56,44,42,50,38,41,46,43,41,36,66,71,38,48,27,34,62,73,69,67,34,28,30
148,82,129,101,131,65,126,91,77,149,84,148,100,93,127,75,90,104,90,81,70,57,59,67,141,141,129,151,80,91,30
61,112,100,75,100,51,70,80,96,69,65,112,112,63,77,71,96,57,69,61,45,52,54,43,109,106,99,115,61,69,30
73,53,45,80,73,38,69,50,80,45,68,40,56,51,51,59,31,38,38,32,49,44,79,75,72,82,69,45,46,48,44,49,35,34,30
23,27,15,27,14,23,12,12,20,32,28,53,12,19,25,56,30,48,31,43,19,52,7,25,20,41,30
56,106,96,76,93,70,60,106,98,53,108,65,67,78,75,70,94,58,96,111,104,104,30
70,53,42,74,71,39,77,46,66,49,49,56,66,40,55,50,30,35,76,73,69,80,37,29,67,45,48,42,45,46,73,77,41,47,30
56,42,57,32,61,37,34,59,39,46,53,36,24,30,60,58,35,37,52,40,45,41,54,64,30,23,52,32,57,62,38,33,26,26,29,61,40,38,30
61,42,37,68,61,29,67,35,45,41,41,50,56,40,56,31,70,65,64,72,25,33,31,27,42,45,36,39,38,35,57,36,68,69,27,30,30
68,33,68,47,41,76,75,40,64,45,50,46,46,54,64,35,79,73,48,51,72,80,43,40,28,37,35,30,65,40,41,44,30
64,46,64,32,38,72,71,38,47,44,60,43,43,53,59,34,74,70,32,29,45,49,67,77,26,36,40,38,39,42,60,38,29,32,71,74,30
56,44,41,45,56,32,61,37,51,43,34,73,58,76,38,54,35,38,22,39,28,30,51,33,33,42,34,51,39,50,63,68,53,38,61,72,54,26,30,46,58,60,30
52,39,52,30,56,34,39,41,32,67,48,39,54,69,36,50,26,28,32,47,21,35,32,35,49,35,36,46,31,39,59,62,46,30,58,66,50,25,23,31,30
48,34,48,26,51,29,36,36,51,62,31,60,45,30,34,45,44,35,28,34,19,32,34,41,30,42,24,24,56,55,30,31,54,59,42,26,21,27,30
74,157,133,101,133,59,87,154,82,154,129,92,129,69,152,78,77,94,89,80,90,106,98,91,30
61,129,110,82,110,50,72,127,106,76,125,64,67,128,106,57,73,66,63,78,73,88,80,75,76,92,132,127,82,79,122,138,30
66,139,77,138,119,89,119,52,115,81,72,138,136,69,115,61,79,71,68,84,79,94,86,80,88,84,82,99,30
64,48,64,35,69,41,46,50,59,47,38,81,43,59,40,43,59,37,65,84,32,34,26,42,39,57,36,50,71,76,38,47,60,42,45,45,40,52,69,80,30
52,40,52,31,56,35,39,42,32,68,48,40,54,70,36,51,26,29,32,48,21,36,32,36,49,36,36,47,31,40,47,31,59,63,57,66,23,32,30
57,43,42,44,57,31,62,36,52,42,35,72,59,75,39,53,36,37,23,38,29,29,52,32,34,41,35,50,40,49,64,67,54,37,62,71,55,25,59,59,31,45,30
113,189,146,67,103,191,147,104,109,191,154,118,63,98,115,112,144,84,172,89,108,131,176,181,99,100,186,165,91,117,73,80,30
101,192,137,69,91,193,142,120,136,106,160,91,134,86,96,195,105,114,98,132,171,170,57,99,91,102,162,185,67,82,83,118,30
90,195,130,70,132,122,82,196,127,107,127,87,98,116,91,133,85,103,86,197,151,92,157,173,53,98,148,189,63,81,76,119,30
61,45,63,31,68,39,57,42,32,68,69,73,45,42,40,49,58,32,28,34,39,34,35,27,55,70,61,70,52,74,35,39,59,37,63,79,43,37,60,74,31,30,36,47,30
58,42,60,30,65,36,54,39,31,64,43,39,65,69,39,47,55,30,27,32,34,26,56,35,53,66,37,32,40,43,34,36,50,70,58,66,35,44,29,28,62,70,61,74,30
56,40,58,29,62,35,52,38,31,61,42,38,64,66,38,45,26,31,54,34,53,29,34,35,36,31,51,63,56,63,33,25,39,42,28,28,49,68,34,43,59,71,30
76,57,73,53,44,84,87,48,78,38,85,82,61,53,74,42,77,90,45,51,43,33,35,41,53,60,53,44,91,49,75,31,45,90,38,84,30
63,47,37,69,64,32,70,68,70,39,59,35,59,44,50,45,35,27,63,74,28,34,42,37,43,51,36,43,39,41,60,39,68,71,62,26,30,68,31,30,25,47,30
97,65,94,58,53,98,60,99,101,38,68,68,97,104,96,44,108,96,46,42,112,51,58,56,77,58,57,33,68,47,47,99,68,84,118,53,60,107,30
183,145,195,83,183,125,94,202,221,117,108,204,187,103,101,202,131,108,114,120,30
112,88,118,53,133,72,110,78,112,63,60,124,67,125,81,67,70,75,125,123,30
81,63,85,39,80,44,78,57,95,52,49,89,45,89,51,55,59,49,91,88,30
47,103,49,103,86,70,90,50,82,66,60,73,97,60,69,66,42,48,84,54,51,40,93,99,84,107,62,57,53,62,42,105,57,60,30
40,83,71,56,73,41,49,59,67,53,57,54,79,48,68,43,34,39,70,87,78,80,41,32,50,45,43,50,35,84,46,48,68,48,75,84,37,35,30
36,70,61,47,62,34,43,50,67,41,61,73,50,45,57,45,67,67,29,33,35,27,57,36,40,40,43,37,37,41,65,71,30,71,58,40,32,29,40,46,30
22,24,19,27,23,21,26,25,23,30,19,21,16,26,18
41,69,62,50,44,49,46,58,51,66,59,70,52,53,54,62,50,56,57,60,49,62,54,57,18
30,29,25,34,29,34,26,30,33,24,35,29,20,29,23,24,21,38,34,38,27,25,18
23,22,20,23,25,18,19,18,18,28,25,28,27,23,16,23,18
30,35,34,35,30,39,34,39,37,42,32,31,37,37,32,43,26,37,23,33,39,28,26,27,40,46,24,45,35,46,18
98,80,96,111,67,77,88,95,81,87,65,111,80,102,73,94,81,96,18
54,83,79,85,81,62,56,60,60,73,74,74,68,66,67,80,82,57,52,88,64,85,71,70,70,76,64,76,70,86,73,89,18
84,97,72,110,110,113,102,98,113,83,110,79,75,82,106,116,80,78,94,89,75,114,92,106,91,115,97,114,88,112,18
79,202,109,121,91,170,70,157,123,179,75,145,97,150,86,204,113,123,104,176,109,157,126,168,18
62,69,52,62,64,52,61,60,48,51,57,57,53,66,53,57,55,53,57,62,49,59,45,68,18
83,93,88,68,80,80,65,67,75,72,72,87,71,83,60,92,68,79,77,77,72,76,76,83,18
53,137,32,111,40,113,44,135,41,132,43,116,48,97,37,152,47,120,18
80,59,78,81,56,80,74,70,57,58,67,76,61,69,68,63,70,73,65,67,65,73,71,67,18
110,79,107,106,74,105,75,107,78,76,100,92,76,77,83,91,92,84,91,100,88,88,18
126,152,93,160,94,226,126,215,109,174,110,203,129,208,101,191,118,186,90,168,18
102,79,71,83,107,112,69,86,104,115,104,82,80,100,72,121,70,119,95,98,95,92,99,84,90,106,75,88,18
40,42,32,53,36,43,40,46,36,47,39,50,33,45,44,36,46,50,30,39,18
25,26,23,26,22,30,19,34,28,20,18
50,81,71,59,71,80,67,70,55,70,60,63,61,76,51,60,58,67,63,73,58,72,63,67,18
51,60,56,50,46,56,47,60,50,56,41,66,54,59,43,58,57,66,47,52,40,50,45,70,18
47,40,39,49,43,49,39,45,43,45,34,54,41,53,48,53,34,40,33,36,30,42,43,56,51,56,18
66,74,65,54,46,75,46,55,56,71,56,58,50,65,62,64,53,62,53,68,59,62,59,67,18
79,64,79,89,55,90,55,65,67,84,60,77,67,70,74,77,64,74,64,81,70,74,70,80,18
90,102,89,148,125,101,128,142,123,147,129,105,107,114,106,135,97,125,116,125,85,143,86,107,18
54,117,43,93,47,115,35,91,39,125,50,82,32,86,30,97,52,77,57,87,46,97,43,110,18
39,89,63,114,58,80,49,92,53,111,44,123,58,99,44,104,34,94,53,95,36,85,65,83,18
41,89,68,114,62,80,57,111,47,123,53,92,61,99,48,105,36,95,56,96,63,75,18
96,114,90,82,69,115,63,82,81,107,79,90,88,98,72,99,18
80,116,55,82,77,82,69,109,58,117,67,90,75,99,61,99,18
88,115,84,82,59,81,63,115,74,107,73,89,81,98,66,98,18
101,79,69,113,74,78,67,110,96,113,99,110,71,82,77,96,93,96,84,105,86,87,18
37,58,52,59,52,44,45,57,38,43,51,51,39,50,45,44,42,48,47,53,47,48,43,53,37,39,48,62,40,62,18
33,38,33,33,29,38,29,33,39,32,36,27,23,32,26,27,25,35,31,30,38,43,23,43,37,36,18
48,87,69,64,50,63,58,84,66,89,59,68,53,75,65,77,61,80,57,71,49,59,56,79,62,72,18
35,61,50,46,42,60,43,47,37,53,49,62,36,44,41,50,48,54,45,57,40,56,45,51,32,46,52,41,35,40,46,65,18
31,46,40,38,31,34,40,43,35,43,43,47,43,35,37,46,31,40,37,34,35,38,43,41,47,36,44,31,27,35,30,30,45,50,40,50,34,50,18
49,76,70,55,69,76,50,54,59,73,60,58,52,65,67,65,71,51,48,50,56,62,63,68,63,62,56,68,64,80,54,80,18
125,161,103,176,148,118,144,177,107,116,112,146,126,133,99,124,96,167,152,169,155,127,139,148,18
102,94,137,104,99,97,140,109,126,147,106,118,130,145,116,112,92,138,113,130,89,133,122,124,18
46,69,69,55,64,64,56,68,51,49,59,56,65,74,52,59,60,65,56,58,61,60,54,63,18
41,43,37,42,42,39,38,38,32,45,38,46,44,48,41,35,45,42,34,38,35,33,50,38,48,33,31,33,35,29,18
39,51,37,58,45,45,37,44,53,43,45,57,51,51,53,58,43,53,48,53,43,48,47,48,54,39,57,44,33,45,18
29,38,33,33,33,38,28,34,39,32,36,27,22,33,25,27,39,42,25,36,23,43,31,41,31,30,37,35,30,43,18
123,94,81,97,92,112,79,129,120,126,86,93,110,111,119,91,83,132,116,130,102,102,100,121,18
48,117,50,96,59,91,40,121,42,86,57,127,64,97,61,87,48,99,37,90,51,113,40,83,43,105,56,108,18
35,93,33,117,28,119,40,90,44,97,29,85,40,125,32,98,36,112,43,86,24,90,26,81,31,112,18
75,89,62,114,64,94,55,84,52,119,72,125,56,103,69,106,81,95,78,86,48,87,18
51,40,34,41,50,57,33,57,43,42,36,49,49,49,42,55,18
52,43,35,44,51,61,34,61,44,46,18
50,38,35,38,50,53,34,54,43,40,42,52,18
66,53,45,71,49,62,55,68,47,52,65,72,62,62,53,65,58,65,53,59,56,56,59,60,18
47,54,43,49,43,54,48,49,53,44,37,59,39,51,45,57,52,59,51,52,38,43,45,45,18
61,49,42,66,51,64,59,67,49,55,49,60,54,61,57,58,45,57,43,49,54,56,51,52,55,71,18
45,76,47,55,66,55,65,76,55,72,62,65,49,65,56,58,58,68,53,62,58,62,53,68,68,51,49,80,61,80,18
41,65,43,48,59,48,59,66,50,63,56,57,51,50,45,56,53,60,48,54,53,54,48,59,61,45,45,69,18
35,59,37,44,43,58,50,52,51,44,51,60,38,51,44,45,46,54,46,49,41,54,41,49,55,45,53,40,33,45,18
94,78,64,109,66,78,92,109,72,93,86,94,79,102,79,86,76,90,82,97,18
88,71,61,98,62,71,87,99,68,84,82,85,75,92,75,77,72,81,78,88,72,88,78,82,18
81,67,55,92,57,67,80,93,62,79,75,80,68,87,69,73,71,83,65,77,71,77,66,83,18
40,70,47,58,52,64,58,52,51,58,47,63,50,67,44,60,49,55,41,52,55,61,58,71,18
35,58,44,53,40,49,40,53,44,49,48,44,43,57,36,50,35,44,49,58,18
39,62,49,56,45,51,49,51,45,56,55,45,42,53,53,54,55,62,40,46,18
39,45,39,50,34,54,43,50,41,54,43,45,41,41,48,40,35,47,47,55,35,41,47,48,31,41,31,58,44,59,18
35,41,35,46,39,46,39,41,30,50,37,38,37,50,43,37,43,51,31,43,28,38,43,44,47,38,18
36,61,44,59,44,46,52,45,42,50,42,55,46,56,51,62,47,50,39,52,38,45,50,53,33,46,48,65,33,65,18
52,80,74,59,73,81,53,58,63,76,70,70,63,63,57,69,66,72,60,66,66,67,61,72,55,85,18
54,85,79,63,78,86,55,62,73,75,66,81,60,74,66,67,69,77,64,71,64,77,69,72,18
84,66,56,89,82,91,58,65,77,78,70,85,63,77,70,71,67,74,73,81,73,75,67,81,18
50,54,45,54,45,50,49,50,55,44,56,60,53,52,47,46,48,58,41,52,40,45,39,60,36,65,18
56,62,62,51,51,62,51,58,56,58,63,69,59,60,53,54,47,59,44,69,53,66,45,51,18
52,57,48,52,48,57,52,52,59,46,59,63,44,54,56,54,42,62,51,60,50,48,42,46,18
59,63,42,63,61,47,51,61,44,46,57,55,52,49,45,54,49,57,49,52,54,58,54,53,18
44,48,39,48,39,43,44,43,49,39,34,52,36,45,42,40,48,52,41,51,47,46,36,39,34,34,38,55,18
55,121,47,117,35,92,66,74,44,96,40,126,51,87,68,77,18
44,57,49,53,45,52,48,57,53,63,52,55,41,54,54,48,46,61,39,61,47,49,40,47,18
76,64,72,86,55,62,64,68,63,81,69,75,57,73,61,71,61,77,66,72,66,77,18
42,103,68,128,54,123,56,110,53,106,57,126,61,93,60,113,18
59,68,59,50,50,65,41,68,44,59,56,59,41,51,50,54,48,62,53,62,18
119,90,119,121,107,106,82,88,79,91,81,125,115,124,78,122,90,106,99,98,98,115,18
80,151,125,185,87,208,76,160,119,131,95,174,109,163,128,178,99,178,105,159,102,182,103,155,18