22,24,19,27,23,21,26,25,23,30,19,21,16,26,18
41,69,62,50,44,49,46,58,51,66,59,70,52,53,54,62,50,56,57,60,49,62,54,57,18
30,29,25,34,29,34,26,30,33,24,35,29,20,29,23,24,21,38,34,38,27,25,18
23,22,20,23,25,18,19,18,18,28,25,28,27,23,16,23,18
30,35,34,35,30,39,34,39,37,42,32,31,37,37,32,43,26,37,23,33,39,28,26,27,40,46,24,45,35,46,18
98,80,96,111,67,77,88,95,81,87,65,111,80,102,73,94,81,96,18
54,83,79,85,81,62,56,60,60,73,74,74,68,66,67,80,82,57,52,88,64,85,71,70,70,76,64,76,70,86,73,89,18
84,97,72,110,110,113,102,98,113,83,110,79,75,82,106,116,80,78,94,89,75,114,92,106,91,115,97,114,88,112,18
79,202,109,121,91,170,70,157,123,179,75,145,97,150,86,204,113,123,104,176,109,157,126,168,18
62,69,52,62,64,52,61,60,48,51,57,57,53,66,53,57,55,53,57,62,49,59,45,68,18
83,93,88,68,80,80,65,67,75,72,72,87,71,83,60,92,68,79,77,77,72,76,76,83,18
53,137,32,111,40,113,44,135,41,132,43,116,48,97,37,152,47,120,18
80,59,78,81,56,80,74,70,57,58,67,76,61,69,68,63,70,73,65,67,65,73,71,67,18
110,79,107,106,74,105,75,107,78,76,100,92,76,77,83,91,92,84,91,100,88,88,18
126,152,93,160,94,226,126,215,109,174,110,203,129,208,101,191,118,186,90,168,18
102,79,71,83,107,112,69,86,104,115,104,82,80,100,72,121,70,119,95,98,95,92,99,84,90,106,75,88,18
40,42,32,53,36,43,40,46,36,47,39,50,33,45,44,36,46,50,30,39,18
25,26,23,26,22,30,19,34,28,20,18
50,81,71,59,71,80,67,70,55,70,60,63,61,76,51,60,58,67,63,73,58,72,63,67,18
51,60,56,50,46,56,47,60,50,56,41,66,54,59,43,58,57,66,47,52,40,50,45,70,18
47,40,39,49,43,49,39,45,43,45,34,54,41,53,48,53,34,40,33,36,30,42,43,56,51,56,18
66,74,65,54,46,75,46,55,56,71,56,58,50,65,62,64,53,62,53,68,59,62,59,67,18
79,64,79,89,55,90,55,65,67,84,60,77,67,70,74,77,64,74,64,81,70,74,70,80,18
90,102,89,148,125,101,128,142,123,147,129,105,107,114,106,135,97,125,116,125,85,143,86,107,18
54,117,43,93,47,115,35,91,39,125,50,82,32,86,30,97,52,77,57,87,46,97,43,110,18
39,89,63,114,58,80,49,92,53,111,44,123,58,99,44,104,34,94,53,95,36,85,65,83,18
41,89,68,114,62,80,57,111,47,123,53,92,61,99,48,105,36,95,56,96,63,75,18
96,114,90,82,69,115,63,82,81,107,79,90,88,98,72,99,18
80,116,55,82,77,82,69,109,58,117,67,90,75,99,61,99,18
88,115,84,82,59,81,63,115,74,107,73,89,81,98,66,98,18
101,79,69,113,74,78,67,110,96,113,99,110,71,82,77,96,93,96,84,105,86,87,18
37,58,52,59,52,44,45,57,38,43,51,51,39,50,45,44,42,48,47,53,47,48,43,53,37,39,48,62,40,62,18
33,38,33,33,29,38,29,33,39,32,36,27,23,32,26,27,25,35,31,30,38,43,23,43,37,36,18
48,87,69,64,50,63,58,84,66,89,59,68,53,75,65,77,61,80,57,71,49,59,56,79,62,72,18
35,61,50,46,42,60,43,47,37,53,49,62,36,44,41,50,48,54,45,57,40,56,45,51,32,46,52,41,35,40,46,65,18
18
31,46,40,38,31,34,40,43,35,43,43,47,43,35,37,46,31,40,37,34,35,38,43,41,47,36,44,31,27,35,30,30,45,50,40,50,34,50,18
49,76,70,55,69,76,50,54,59,73,60,58,52,65,67,65,71,51,48,50,56,62,63,68,63,62,56,68,64,80,54,80,18
125,161,103,176,148,118,144,177,107,116,112,146,126,133,99,124,96,167,152,169,155,127,139,148,18
102,94,137,104,99,97,140,109,126,147,106,118,130,145,116,112,92,138,113,130,89,133,122,124,18
46,69,69,55,64,64,56,68,51,49,59,56,65,74,52,59,60,65,56,58,61,60,54,63,18
41,43,37,42,42,39,38,38,32,45,38,46,44,48,41,35,45,42,34,38,35,33,50,38,48,33,31,33,35,29,18
39,51,37,58,45,45,37,44,53,43,45,57,51,51,53,58,43,53,48,53,43,48,47,48,54,39,57,44,33,45,18
29,38,33,33,33,38,28,34,39,32,36,27,22,33,25,27,39,42,25,36,23,43,31,41,31,30,37,35,30,43,18
123,94,81,97,92,112,79,129,120,126,86,93,110,111,119,91,83,132,116,130,102,102,100,121,18
48,117,50,96,59,91,40,121,42,86,57,127,64,97,61,87,48,99,37,90,51,113,40,83,43,105,56,108,18
35,93,33,117,28,119,40,90,44,97,29,85,40,125,32,98,36,112,43,86,24,90,26,81,31,112,18
75,89,62,114,64,94,55,84,52,119,72,125,56,103,69,106,81,95,78,86,48,87,18
51,40,34,41,50,57,33,57,43,42,36,49,49,49,42,55,18
52,43,35,44,51,61,34,61,44,46,18
50,38,35,38,50,53,34,54,43,40,42,52,18
66,53,45,71,49,62,55,68,47,52,65,72,62,62,53,65,58,65,53,59,56,56,59,60,18
47,54,43,49,43,54,48,49,53,44,37,59,39,51,45,57,52,59,51,52,38,43,45,45,18
61,49,42,66,51,64,59,67,49,55,49,60,54,61,57,58,45,57,43,49,54,56,51,52,55,71,18
45,76,47,55,66,55,65,76,55,72,62,65,49,65,56,58,58,68,53,62,58,62,53,68,68,51,49,80,61,80,18
41,65,43,48,59,48,59,66,50,63,56,57,51,50,45,56,53,60,48,54,53,54,48,59,61,45,45,69,18
35,59,37,44,43,58,50,52,51,44,51,60,38,51,44,45,46,54,46,49,41,54,41,49,55,45,53,40,33,45,18
94,78,64,109,66,78,92,109,72,93,86,94,79,102,79,86,76,90,82,97,18
88,71,61,98,62,71,87,99,68,84,82,85,75,92,75,77,72,81,78,88,72,88,78,82,18
81,67,55,92,57,67,80,93,62,79,75,80,68,87,69,73,71,83,65,77,71,77,66,83,18
40,70,47,58,52,64,58,52,51,58,47,63,50,67,44,60,49,55,41,52,55,61,58,71,18
35,58,44,53,40,49,40,53,44,49,48,44,43,57,36,50,35,44,49,58,18
39,62,49,56,45,51,49,51,45,56,55,45,42,53,53,54,55,62,40,46,18
39,45,39,50,34,54,43,50,41,54,43,45,41,41,48,40,35,47,47,55,35,41,47,48,31,41,31,58,44,59,18
35,41,35,46,39,46,39,41,30,50,37,38,37,50,43,37,43,51,31,43,28,38,43,44,47,38,18
36,61,44,59,44,46,52,45,42,50,42,55,46,56,51,62,47,50,39,52,38,45,50,53,33,46,48,65,33,65,18
52,80,74,59,73,81,53,58,63,76,70,70,63,63,57,69,66,72,60,66,66,67,61,72,55,85,18
54,85,79,63,78,86,55,62,73,75,66,81,60,74,66,67,69,77,64,71,64,77,69,72,18
84,66,56,89,82,91,58,65,77,78,70,85,63,77,70,71,67,74,73,81,73,75,67,81,18
50,54,45,54,45,50,49,50,55,44,56,60,53,52,47,46,48,58,41,52,40,45,39,60,36,65,18
56,62,62,51,51,62,51,58,56,58,63,69,59,60,53,54,47,59,44,69,53,66,45,51,18
52,57,48,52,48,57,52,52,59,46,59,63,44,54,56,54,42,62,51,60,50,48,42,46,18
59,63,42,63,61,47,51,61,44,46,57,55,52,49,45,54,49,57,49,52,54,58,54,53,18
44,48,39,48,39,43,44,43,49,39,34,52,36,45,42,40,48,52,41,51,47,46,36,39,34,34,38,55,18
55,121,47,117,35,92,66,74,44,96,40,126,51,87,68,77,18
44,57,49,53,45,52,48,57,53,63,52,55,41,54,54,48,46,61,39,61,47,49,40,47,18
76,64,72,86,55,62,64,68,63,81,69,75,57,73,61,71,61,77,66,72,66,77,18
42,103,68,128,54,123,56,110,53,106,57,126,61,93,60,113,18
59,68,59,50,50,65,41,68,44,59,56,59,41,51,50,54,48,62,53,62,18
119,90,119,121,107,106,82,88,79,91,81,125,115,124,78,122,90,106,99,98,98,115,18
80,151,125,185,87,208,76,160,119,131,95,174,109,163,128,178,99,178,105,159,102,182,103,155,18
